{
  "mean_error": 2.5250229835510254,
  "median_error": 2.2360680103302,
  "std_error": 1.3545422554016113,
  "mean_smooth_error": 1.6233000755310059,
  "n": 57
}