{
  "mean_error": 20.451011657714844,
  "median_error": 13.601470947265625,
  "std_error": 21.181381225585938,
  "mean_smooth_error": 17.48468780517578,
  "n": 57
}