{
  "mean_error": 30.3325252532959,
  "median_error": 26.305892944335938,
  "std_error": 21.612398147583008,
  "mean_smooth_error": 22.40217399597168,
  "n": 19
}