{
  "mean_error": 19.185165405273438,
  "median_error": 14.317821502685547,
  "std_error": 16.49187660217285,
  "mean_smooth_error": 15.743590354919434,
  "n": 57
}