{
  "mean_error": 7.061347484588623,
  "median_error": 3.1622776985168457,
  "std_error": 9.174821853637695,
  "mean_smooth_error": 5.841964244842529,
  "n": 50
}