{
  "mean_error": 4.986453056335449,
  "median_error": 2.2360680103302,
  "std_error": 10.303167343139648,
  "mean_smooth_error": 3.7693307399749756,
  "n": 100
}