{
  "mean_error": 3.551713228225708,
  "median_error": 2.8284270763397217,
  "std_error": 4.200634956359863,
  "mean_smooth_error": 2.084916353225708,
  "n": 100
}