{
  "mean_error": 7.003045082092285,
  "median_error": 4.123105525970459,
  "std_error": 7.091359615325928,
  "mean_smooth_error": 5.601137638092041,
  "n": 100
}