{
  "mean_error": 4.637396812438965,
  "median_error": 3.605551242828369,
  "std_error": 3.742265462875366,
  "mean_smooth_error": 3.5502164363861084,
  "n": 100
}