{
  "mean_error": 4.238570690155029,
  "median_error": 3.1622776985168457,
  "std_error": 3.202268123626709,
  "mean_smooth_error": 3.5163822174072266,
  "n": 50
}