{
  "mean_error": 5.365453720092773,
  "median_error": 3.605551242828369,
  "std_error": 5.781213760375977,
  "mean_smooth_error": 5.227904796600342,
  "n": 19
}