{
  "mean_error": 3.775635242462158,
  "median_error": 3.1622776985168457,
  "std_error": 5.540031433105469,
  "mean_smooth_error": 1.47946035861969,
  "n": 57
}