{
  "mean_error": 2.709383726119995,
  "median_error": 2.2360680103302,
  "std_error": 1.5193294286727905,
  "mean_smooth_error": 2.026048421859741,
  "n": 57
}