{
  "mean_error": 4.977782249450684,
  "median_error": 2.0,
  "std_error": 14.346364974975586,
  "mean_smooth_error": 1.96786630153656,
  "n": 57
}