{
  "mean_error": 3.3798441886901855,
  "median_error": 1.4142135381698608,
  "std_error": 4.46402645111084,
  "mean_smooth_error": 2.873077630996704,
  "n": 57
}