{
  "mean_error": 4.131912708282471,
  "median_error": 1.7071068286895752,
  "std_error": 6.078429222106934,
  "mean_smooth_error": 4.132857322692871,
  "n": 100
}