{
  "mean_error": 1.3594727516174316,
  "median_error": 1.0,
  "std_error": 0.9283499121665955,
  "mean_smooth_error": 1.3383506536483765,
  "n": 100
}