{
  "mean_error": 1.6201673746109009,
  "median_error": 1.4142135381698608,
  "std_error": 1.1683567762374878,
  "mean_smooth_error": 1.4922617673873901,
  "n": 100
}