{
  "mean_error": 3.1582422256469727,
  "median_error": 2.2360680103302,
  "std_error": 2.6656155586242676,
  "mean_smooth_error": 2.8616602420806885,
  "n": 50
}