{
  "mean_error": 8.93300724029541,
  "median_error": 2.8284270763397217,
  "std_error": 16.381139755249023,
  "mean_smooth_error": 10.099203109741211,
  "n": 57
}