{
  "mean_error": 6.595216751098633,
  "median_error": 2.2360680103302,
  "std_error": 14.908303260803223,
  "mean_smooth_error": 7.891339302062988,
  "n": 57
}