{
  "mean_error": 8.356529235839844,
  "median_error": 3.1622776985168457,
  "std_error": 14.283226013183594,
  "mean_smooth_error": 8.163178443908691,
  "n": 19
}