{
  "mean_error": 12.601212501525879,
  "median_error": 11.291047096252441,
  "std_error": 8.132001876831055,
  "mean_smooth_error": 12.601212501525879,
  "n": 100
}