{
  "mean_error": 34.456207275390625,
  "median_error": 25.78339385986328,
  "std_error": 29.933422088623047,
  "mean_smooth_error": 34.456207275390625,
  "n": 50
}