{
  "mean_error": 20.32318878173828,
  "median_error": 17.592330932617188,
  "std_error": 12.521100997924805,
  "mean_smooth_error": 20.32318878173828,
  "n": 100
}