{
  "mean_error": 5.0438337326049805,
  "median_error": 2.2360680103302,
  "std_error": 6.860009670257568,
  "mean_smooth_error": 8.863348007202148,
  "n": 50
}