{
  "mean_error": 15.887345314025879,
  "median_error": 14.815445899963379,
  "std_error": 8.13770580291748,
  "mean_smooth_error": 15.887345314025879,
  "n": 100
}