{
  "mean_error": 5.316339492797852,
  "median_error": 2.2360680103302,
  "std_error": 10.923163414001465,
  "mean_smooth_error": 4.810842514038086,
  "n": 57
}