{
  "mean_error": 6.35482931137085,
  "median_error": 4.242640495300293,
  "std_error": 7.013921737670898,
  "mean_smooth_error": 3.534546375274658,
  "n": 19
}