{
  "mean_error": 3.9822371006011963,
  "median_error": 2.2360680103302,
  "std_error": 13.661369323730469,
  "mean_smooth_error": 1.5572084188461304,
  "n": 57
}