{
  "mean_error": 2.5607614517211914,
  "median_error": 2.2360680103302,
  "std_error": 1.488095760345459,
  "mean_smooth_error": 1.6361654996871948,
  "n": 57
}