{
  "mean_error": 14.623470306396484,
  "median_error": 12.582762718200684,
  "std_error": 12.098515510559082,
  "mean_smooth_error": 20.283023834228516,
  "n": 50
}