{
  "mean_error": 17.63079261779785,
  "median_error": 12.668106079101562,
  "std_error": 17.090789794921875,
  "mean_smooth_error": 22.640918731689453,
  "n": 100
}