{
  "mean_error": 22.350292205810547,
  "median_error": 17.131338119506836,
  "std_error": 21.907861709594727,
  "mean_smooth_error": 29.849241256713867,
  "n": 100
}