{
  "mean_error": 16.245891571044922,
  "median_error": 13.152946472167969,
  "std_error": 12.23646354675293,
  "mean_smooth_error": 21.03866958618164,
  "n": 100
}