{
  "mean_error": 15.514026641845703,
  "median_error": 11.442520141601562,
  "std_error": 12.405439376831055,
  "mean_smooth_error": 20.607927322387695,
  "n": 100
}