{
  "mean_error": 3.9279351234436035,
  "median_error": 2.2360680103302,
  "std_error": 4.682021617889404,
  "mean_smooth_error": 7.1875152587890625,
  "n": 100
}