{
  "mean_error": 3.3195111751556396,
  "median_error": 1.4142135381698608,
  "std_error": 4.2966084480285645,
  "mean_smooth_error": 8.063392639160156,
  "n": 50
}