{
  "mean_error": 2.582064628601074,
  "median_error": 2.0,
  "std_error": 2.409694194793701,
  "mean_smooth_error": 2.4663450717926025,
  "n": 57
}