{
  "mean_error": 4.761184215545654,
  "median_error": 1.4142135381698608,
  "std_error": 13.99866771697998,
  "mean_smooth_error": 3.4342963695526123,
  "n": 57
}