{
  "mean_error": 3.5057153701782227,
  "median_error": 2.0,
  "std_error": 7.393059253692627,
  "mean_smooth_error": 2.446647882461548,
  "n": 57
}