{
  "mean_error": 3.8296658992767334,
  "median_error": 2.2360680103302,
  "std_error": 5.2998151779174805,
  "mean_smooth_error": 2.891582489013672,
  "n": 57
}