{
  "mean_error": 6.239795684814453,
  "median_error": 3.1622776985168457,
  "std_error": 9.426261901855469,
  "mean_smooth_error": 4.927059650421143,
  "n": 19
}